{
    "utterances": [
        {
            "text": "I need assistance",
            "entities": [],
            "traits": [],
            "intent": "get_help"
        },
        {
            "text": "I want an account",
            "entities": [],
            "traits": [],
            "intent": "register"
        },
        {
            "text": "am I logged in",
            "entities": [],
            "traits": [],
            "intent": "whoami"
        },
        {
            "text": "assist me",
            "entities": [],
            "traits": [],
            "intent": "get_help"
        },
        {
            "text": "chatroom",
            "entities": [],
            "traits": [],
            "intent": "get_chatrooms"
        },
        {
            "text": "chatrooms",
            "entities": [],
            "traits": [],
            "intent": "get_chatrooms"
        },
        {
            "text": "create a post",
            "entities": [],
            "traits": [],
            "intent": "create_message"
        },
        {
            "text": "current username",
            "entities": [],
            "traits": [],
            "intent": "whoami"
        },
        {
            "text": "exit",
            "entities": [],
            "traits": [],
            "intent": "logout"
        },
        {
            "text": "get help",
            "entities": [],
            "traits": [],
            "intent": "get_help"
        },
        {
            "text": "get help please",
            "entities": [],
            "traits": [],
            "intent": "get_help"
        },
        {
            "text": "get latest post in buckys",
            "entities": [
                {
                    "entity": "chatrooms:chatrooms",
                    "start": 19,
                    "end": 25,
                    "body": "buckys",
                    "entities": []
                }
            ],
            "traits": [],
            "intent": "get_messages"
        },
        {
            "text": "get latest post in union",
            "entities": [
                {
                    "entity": "chatrooms:chatrooms",
                    "start": 19,
                    "end": 24,
                    "body": "union",
                    "entities": []
                }
            ],
            "traits": [],
            "intent": "get_messages"
        },
        {
            "text": "get me the 5 latest messages from buckys",
            "entities": [
                {
                    "entity": "wit$number:number",
                    "start": 11,
                    "end": 12,
                    "body": "5",
                    "entities": []
                },
                {
                    "entity": "chatrooms:chatrooms",
                    "start": 34,
                    "end": 40,
                    "body": "buckys",
                    "entities": []
                }
            ],
            "traits": [],
            "intent": "get_messages"
        },
        {
            "text": "get me the latest message from Engineering Hall",
            "entities": [
                {
                    "entity": "chatrooms:chatrooms",
                    "start": 31,
                    "end": 47,
                    "body": "Engineering Hall",
                    "entities": []
                }
            ],
            "traits": [],
            "intent": "get_messages"
        },
        {
            "text": "get the 2 latest messages",
            "entities": [
                {
                    "entity": "wit$number:number",
                    "start": 8,
                    "end": 9,
                    "body": "2",
                    "entities": []
                }
            ],
            "traits": [],
            "intent": "get_messages"
        },
        {
            "text": "get the 2 latest posts",
            "entities": [
                {
                    "entity": "wit$number:number",
                    "start": 8,
                    "end": 9,
                    "body": "2",
                    "entities": []
                }
            ],
            "traits": [],
            "intent": "get_messages"
        },
        {
            "text": "get the latest post",
            "entities": [],
            "traits": [],
            "intent": "get_messages"
        },
        {
            "text": "give me the 4 latest posts",
            "entities": [
                {
                    "entity": "wit$number:number",
                    "start": 12,
                    "end": 14,
                    "body": "4 ",
                    "entities": []
                }
            ],
            "traits": [],
            "intent": "get_messages"
        },
        {
            "text": "give me the latest post",
            "entities": [],
            "traits": [],
            "intent": "get_messages"
        },
        {
            "text": "give me the latest post from Union",
            "entities": [
                {
                    "entity": "chatrooms:chatrooms",
                    "start": 29,
                    "end": 34,
                    "body": "Union",
                    "entities": []
                }
            ],
            "traits": [],
            "intent": "get_messages"
        },
        {
            "text": "help",
            "entities": [],
            "traits": [],
            "intent": "get_help"
        },
        {
            "text": "help me",
            "entities": [],
            "traits": [],
            "intent": "get_help"
        },
        {
            "text": "help me please",
            "entities": [],
            "traits": [],
            "intent": "get_help"
        },
        {
            "text": "leave session",
            "entities": [],
            "traits": [],
            "intent": "logout"
        },
        {
            "text": "log in",
            "entities": [],
            "traits": [],
            "intent": "login"
        },
        {
            "text": "log in please",
            "entities": [],
            "traits": [],
            "intent": "login"
        },
        {
            "text": "log me in",
            "entities": [],
            "traits": [],
            "intent": "login"
        },
        {
            "text": "log me in please",
            "entities": [],
            "traits": [],
            "intent": "login"
        },
        {
            "text": "log me out",
            "entities": [],
            "traits": [],
            "intent": "logout"
        },
        {
            "text": "log out",
            "entities": [],
            "traits": [],
            "intent": "logout"
        },
        {
            "text": "login",
            "entities": [],
            "traits": [],
            "intent": "login"
        },
        {
            "text": "login please",
            "entities": [],
            "traits": [],
            "intent": "login"
        },
        {
            "text": "logout",
            "entities": [],
            "traits": [],
            "intent": "logout"
        },
        {
            "text": "make a post in buckys",
            "entities": [
                {
                    "entity": "chatrooms:chatrooms",
                    "start": 15,
                    "end": 21,
                    "body": "buckys",
                    "entities": []
                }
            ],
            "traits": [],
            "intent": "create_message"
        },
        {
            "text": "make a post in buckys badger den",
            "entities": [
                {
                    "entity": "chatrooms:chatrooms",
                    "start": 15,
                    "end": 32,
                    "body": "buckys badger den",
                    "entities": []
                }
            ],
            "traits": [],
            "intent": "create_message"
        },
        {
            "text": "make a post in union south socials",
            "entities": [
                {
                    "entity": "chatrooms:chatrooms",
                    "start": 15,
                    "end": 34,
                    "body": "union south socials",
                    "entities": []
                }
            ],
            "traits": [],
            "intent": "create_message"
        },
        {
            "text": "messages",
            "entities": [],
            "traits": [],
            "intent": "get_messages"
        },
        {
            "text": "new account",
            "entities": [],
            "traits": [],
            "intent": "register"
        },
        {
            "text": "post a message to grainger",
            "entities": [],
            "traits": [],
            "intent": "create_message"
        },
        {
            "text": "post a message to picnic point pathfinders",
            "entities": [
                {
                    "entity": "chatrooms:chatrooms",
                    "start": 18,
                    "end": 42,
                    "body": "picnic point pathfinders",
                    "entities": []
                }
            ],
            "traits": [],
            "intent": "create_message"
        },
        {
            "text": "post a message to science hall",
            "entities": [
                {
                    "entity": "chatrooms:chatrooms",
                    "start": 18,
                    "end": 25,
                    "body": "science",
                    "entities": []
                }
            ],
            "traits": [],
            "intent": "get_messages"
        },
        {
            "text": "register",
            "entities": [],
            "traits": [],
            "intent": "register"
        },
        {
            "text": "register account",
            "entities": [],
            "traits": [],
            "intent": "register"
        },
        {
            "text": "register for a new account",
            "entities": [],
            "traits": [],
            "intent": "register"
        },
        {
            "text": "show chatrooms",
            "entities": [],
            "traits": [],
            "intent": "get_chatrooms"
        },
        {
            "text": "sign me out",
            "entities": [],
            "traits": [],
            "intent": "logout"
        },
        {
            "text": "sign me up",
            "entities": [],
            "traits": [],
            "intent": "register"
        },
        {
            "text": "sign out",
            "entities": [],
            "traits": [],
            "intent": "logout"
        },
        {
            "text": "sign up",
            "entities": [],
            "traits": [],
            "intent": "register"
        },
        {
            "text": "sign up please",
            "entities": [],
            "traits": [],
            "intent": "register"
        },
        {
            "text": "what are the 4 latest posts in Buckys Badger Den",
            "entities": [
                {
                    "entity": "wit$number:number",
                    "start": 13,
                    "end": 14,
                    "body": "4",
                    "entities": []
                },
                {
                    "entity": "chatrooms:chatrooms",
                    "start": 31,
                    "end": 48,
                    "body": "Buckys Badger Den",
                    "entities": []
                }
            ],
            "traits": [],
            "intent": "get_messages"
        },
        {
            "text": "what are the 4 latest posts in Union South Socials",
            "entities": [
                {
                    "entity": "wit$number:number",
                    "start": 13,
                    "end": 14,
                    "body": "4",
                    "entities": []
                },
                {
                    "entity": "chatrooms:chatrooms",
                    "start": 31,
                    "end": 50,
                    "body": "Union South Socials",
                    "entities": []
                }
            ],
            "traits": [],
            "intent": "get_messages"
        },
        {
            "text": "what can I do",
            "entities": [],
            "traits": [],
            "intent": "get_help"
        },
        {
            "text": "what chatrooms are available",
            "entities": [],
            "traits": [],
            "intent": "get_chatrooms"
        },
        {
            "text": "what chatrooms are there",
            "entities": [],
            "traits": [],
            "intent": "get_chatrooms"
        },
        {
            "text": "what should I do",
            "entities": [],
            "traits": [],
            "intent": "get_help"
        },
        {
            "text": "what username am I logged in as",
            "entities": [],
            "traits": [],
            "intent": "whoami"
        },
        {
            "text": "what's my username",
            "entities": [],
            "traits": [],
            "intent": "whoami"
        },
        {
            "text": "who am I",
            "entities": [],
            "traits": [],
            "intent": "whoami"
        },
        {
            "text": "who am I logged in as",
            "entities": [],
            "traits": [],
            "intent": "whoami"
        }
    ]
}
